<?xml version="1.0" encoding="UTF-8"?>
<project-private xmlns="http://www.netbeans.org/ns/project-private/1">
    <editor-bookmarks xmlns="http://www.netbeans.org/ns/editor-bookmarks/2" lastBookmarkId="0"/>
    <open-files xmlns="http://www.netbeans.org/ns/projectui-open-files/2">
        <group>
            <file>file:/D:/UVG/Ciclo_1__2021/Progra_Micros/Proyecto1_FredyGodoy_19260_PrograMicros/Proyecto_1.X/Proyecto_1.s</file>
            <file>file:/D:/UVG/Ciclo_1__2021/Progra_Micros/Proyecto1_FredyGodoy_19260_PrograMicros/Proyecto_1.X/Macros.s</file>
        </group>
    </open-files>
</project-private>
